﻿{
  "Version": "2.0",
  "DefaultModulesPerRow": 24,
  "AttributeTags": {
    "Device": "\u0410\u041f\u041f\u0410\u0420\u0410\u0422",
    "Modules": "\u041c\u041e\u0414\u0423\u041b\u0415\u0419",
    "Group": "\u0413\u0420\u0423\u041f\u041f\u0410",
    "Note": "\u041f\u0420\u0418\u041c\u0415\u0427\u0410\u041d\u0418\u0415"
  },
  "SelectorRules": [],
  "LayoutMap": [
    {
      "DeviceKey": "\u0412\u0412\u041e\u0414",
      "LayoutBlockName": "\u041e\u041b\u0421_\u0412\u0412\u041e\u0414",
      "FallbackModules": 2
    },
    {
      "DeviceKey": "QS",
      "LayoutBlockName": "\u041e\u041b\u0421_\u0412\u0412\u041e\u0414",
      "FallbackModules": 2
    },
    {
      "DeviceKey": "QF",
      "LayoutBlockName": "\u041e\u041b\u0421_\u0410\u0412\u0422\u041e\u041c\u0410\u0422",
      "FallbackModules": 1
    },
    {
      "DeviceKey": "\u0410\u0412\u0422\u041e\u041c\u0410\u0422",
      "LayoutBlockName": "\u041e\u041b\u0421_\u0410\u0412\u0422\u041e\u041c\u0410\u0422",
      "FallbackModules": 1
    },
    {
      "DeviceKey": "\u0412\u0410",
      "LayoutBlockName": "\u041e\u041b\u0421_\u0410\u0412\u0422\u041e\u041c\u0410\u0422",
      "FallbackModules": 1
    },
    {
      "DeviceKey": "\u0423\u0417\u041e",
      "LayoutBlockName": "\u041e\u041b\u0421_\u0423\u0417\u041e",
      "FallbackModules": 2
    },
    {
      "DeviceKey": "RCD",
      "LayoutBlockName": "\u041e\u041b\u0421_\u0423\u0417\u041e",
      "FallbackModules": 2
    },
    {
      "DeviceKey": "\u0410\u0412\u0414\u0422",
      "LayoutBlockName": "\u041e\u041b\u0421_\u0423\u0417\u041e",
      "FallbackModules": 2
    },
    {
      "DeviceKey": "\u0414\u0418\u0424",
      "LayoutBlockName": "\u041e\u041b\u0421_\u0423\u0417\u041e",
      "FallbackModules": 2
    },
    {
      "DeviceKey": "\u0414\u0418\u0424\u0410\u0412\u0422\u041e\u041c\u0410\u0422",
      "LayoutBlockName": "\u041e\u041b\u0421_\u0423\u0417\u041e",
      "FallbackModules": 2
    }
  ]
}
